#ATUALIZACAO: (por Mistral) 3 Outubro 2026,,,,,,
#JANELA_APLICADA: 30 Setembro 2026 a 2 Dezembro 2026,,,,,,
#COBERTURA: Sessões de pista de Formula 1, MotoGP, WorldSBK e WRC confirmadas por data. Sem horários quando não publicados oficialmente.,,,,,,
#FORMATO: [NOME]<br>[LOCAL],DIA_INÍCIO,MÊS_INÍCIO,ANO_INÍCIO,DIA_FIM,MÊS_FIM,ANO_FIM

⏱️ Rally & WRC [Rally Italia Sardegna — Shakedown Monte Baranta 09:01]<br>Alghero - Sardenha - Itália,1,10,2026,,,
⏱️ Rally & WRC [Rally Italia Sardegna — Super Especial Ittiri Arena Show 16:05]<br>Ittiri - Sardenha - Itália,1,10,2026,,,
🏁 Rally & WRC Rally Italia Sardegna — Final do WRC 2026<br>Alghero - Sardenha - Itália,1,10,2026,4,10,2026
⏱️ MotoGP [Grande Prémio de Japão — Treino Livre 1]<br>Mobility Resort Motegi - Japão,2,10,2026,,,
⏱️ MotoGP [Grande Prémio de Japão — Treino cronometrado]<br>Mobility Resort Motegi - Japão,2,10,2026,,,
⏱️ MotoGP [Grande Prémio de Japão — Treino Livre 2]<br>Mobility Resort Motegi - Japão,3,10,2026,,,
⏱️ MotoGP [Grande Prémio de Japão — Qualificação Q1]<br>Mobility Resort Motegi - Japão,3,10,2026,,,
⏱️ MotoGP [Grande Prémio de Japão — Qualificação Q2]<br>Mobility Resort Motegi - Japão,3,10,2026,,,
🏍️ MotoGP [Grande Prémio de Japão — Sprint]<br>Mobility Resort Motegi - Japão,3,10,2026,,,
⏱️ MotoGP [Grande Prémio de Japão — Warm-up]<br>Mobility Resort Motegi - Japão,4,10,2026,,,
🏍️ MotoGP [Grande Prémio de Japão — Corrida]<br>Mobility Resort Motegi - Japão,4,10,2026,,,
⏱️ MotoGP [Grande Prémio da Indonésia — Treino Livre 1]<br>Pertamina Mandalika Circuit - Indonésia,9,10,2026,,,
⏱️ MotoGP [Grande Prémio da Indonésia — Treino cronometrado]<br>Pertamina Mandalika Circuit - Indonésia,9,10,2026,,,
⏱️ Formula 1 [Grande Prémio de Singapura — Treino Livre 1]<br>Marina Bay Street Circuit - Singapura,9,10,2026,,,
⏱️ Formula 1 [Grande Prémio de Singapura — Qualificação Sprint]<br>Marina Bay Street Circuit - Singapura,9,10,2026,,,
⏱️ WorldSBK [Estoril — Treino Livre 1]<br><b>Circuito do Estoril - Portugal</b>,9,10,2026,,,
⏱️ WorldSBK [Estoril — Treino Livre 2]<br><b>Circuito do Estoril - Portugal</b>,9,10,2026,,,
⏱️ MotoGP [Grande Prémio da Indonésia — Treino Livre 2]<br>Pertamina Mandalika Circuit - Indonésia,10,10,2026,,,
⏱️ MotoGP [Grande Prémio da Indonésia — Qualificação Q1]<br>Pertamina Mandalika Circuit - Indonésia,10,10,2026,,,
⏱️ MotoGP [Grande Prémio da Indonésia — Qualificação Q2]<br>Pertamina Mandalika Circuit - Indonésia,10,10,2026,,,
🏍️ MotoGP [Grande Prémio da Indonésia — Sprint]<br>Pertamina Mandalika Circuit - Indonésia,10,10,2026,,,
🏎️ Formula 1 [Grande Prémio de Singapura — Sprint]<br>Marina Bay Street Circuit - Singapura,10,10,2026,,,
⏱️ Formula 1 [Grande Prémio de Singapura — Qualificação]<br>Marina Bay Street Circuit - Singapura,10,10,2026,,,
⏱️ WorldSBK [Estoril — Treino Livre 3]<br><b>Circuito do Estoril - Portugal</b>,10,10,2026,,,
⏱️ WorldSBK [Estoril — Superpole]<br><b>Circuito do Estoril - Portugal</b>,10,10,2026,,,
🏍️ WorldSBK [Estoril — Corrida 1]<br><b>Circuito do Estoril - Portugal</b>,10,10,2026,,,
⏱️ MotoGP [Grande Prémio da Indonésia — Warm-up]<br>Pertamina Mandalika Circuit - Indonésia,11,10,2026,,,
🏍️ MotoGP [Grande Prémio da Indonésia — Corrida]<br>Pertamina Mandalika Circuit - Indonésia,11,10,2026,,,
🏎️ Formula 1 [Grande Prémio de Singapura — Corrida]<br>Marina Bay Street Circuit - Singapura,11,10,2026,,,
⏱️ WorldSBK [Estoril — Warm-up]<br><b>Circuito do Estoril - Portugal</b>,11,10,2026,,,
🏍️ WorldSBK [Estoril — Superpole Race]<br><b>Circuito do Estoril - Portugal</b>,11,10,2026,,,
🏍️ WorldSBK [Estoril — Corrida 2]<br><b>Circuito do Estoril - Portugal</b>,11,10,2026,,,
⏱️ WorldSBK [Jerez — Treino Livre 1]<br>Circuito de Jerez - Angel Nieto - Espanha,16,10,2026,,,
⏱️ WorldSBK [Jerez — Treino Livre 2]<br>Circuito de Jerez - Angel Nieto - Espanha,16,10,2026,,,
⏱️ WorldSBK [Jerez — Treino Livre 3]<br>Circuito de Jerez - Angel Nieto - Espanha,17,10,2026,,,
⏱️ WorldSBK [Jerez — Superpole]<br>Circuito de Jerez - Angel Nieto - Espanha,17,10,2026,,,
🏍️ WorldSBK [Jerez — Corrida 1]<br>Circuito de Jerez - Angel Nieto - Espanha,17,10,2026,,,
⏱️ WorldSBK [Jerez — Warm-up]<br>Circuito de Jerez - Angel Nieto - Espanha,18,10,2026,,,
🏍️ WorldSBK [Jerez — Superpole Race]<br>Circuito de Jerez - Angel Nieto - Espanha,18,10,2026,,,
🏍️ WorldSBK [Jerez — Corrida 2]<br>Circuito de Jerez - Angel Nieto - Espanha,18,10,2026,,,
⏱️ MotoGP [Grande Prémio de Austrália — Treino Livre 1]<br>Phillip Island Grand Prix Circuit - Austrália,23,10,2026,,,
⏱️ MotoGP [Grande Prémio de Austrália — Treino cronometrado]<br>Phillip Island Grand Prix Circuit - Austrália,23,10,2026,,,
⏱️ MotoGP [Grande Prémio de Austrália — Treino Livre 2]<br>Phillip Island Grand Prix Circuit - Austrália,24,10,2026,,,
⏱️ MotoGP [Grande Prémio de Austrália — Qualificação Q1]<br>Phillip Island Grand Prix Circuit - Austrália,24,10,2026,,,
⏱️ MotoGP [Grande Prémio de Austrália — Qualificação Q2]<br>Phillip Island Grand Prix Circuit - Austrália,24,10,2026,,,
🏍️ MotoGP [Grande Prémio de Austrália — Sprint]<br>Phillip Island Grand Prix Circuit - Austrália,24,10,2026,,,
⏱️ MotoGP [Grande Prémio de Austrália — Warm-up]<br>Phillip Island Grand Prix Circuit - Austrália,25,10,2026,,,
🏍️ MotoGP [Grande Prémio de Austrália — Corrida]<br>Phillip Island Grand Prix Circuit - Austrália,25,10,2026,,,
⏱️ Formula 1 [Grande Prémio de Estados Unidos — Treino Livre 1]<br>Circuit of the Americas - Austin, EUA,23,10,2026,,,
⏱️ Formula 1 [Grande Prémio de Estados Unidos — Treino Livre 2]<br>Circuit of the Americas - Austin, EUA,23,10,2026,,,
⏱️ Formula 1 [Grande Prémio de Estados Unidos — Treino Livre 3]<br>Circuit of the Americas - Austin, EUA,24,10,2026,,,
⏱️ Formula 1 [Grande Prémio de Estados Unidos — Qualificação]<br>Circuit of the Americas - Austin, EUA,24,10,2026,,,
🏎️ Formula 1 [Grande Prémio de Estados Unidos — Corrida]<br>Circuit of the Americas - Austin, EUA,25,10,2026,,,
⏱️ Formula 1 [Grande Prémio do México — Treino Livre 1]<br>Autódromo Hermanos Rodríguez - Cidade do México,30,10,2026,,,
⏱️ Formula 1 [Grande Prémio do México — Treino Livre 2]<br>Autódromo Hermanos Rodríguez - Cidade do México,30,10,2026,,,
⏱️ MotoGP [Grande Prémio da Malásia — Treino Livre 1]<br>Sepang International Circuit - Malásia,30,10,2026,,,
⏱️ MotoGP [Grande Prémio da Malásia — Treino cronometrado]<br>Sepang International Circuit - Malásia,30,10,2026,,,
⏱️ Formula 1 [Grande Prémio do México — Treino Livre 3]<br>Autódromo Hermanos Rodríguez - Cidade do México,31,10,2026,,,
⏱️ Formula 1 [Grande Prémio do México — Qualificação]<br>Autódromo Hermanos Rodríguez - Cidade do México,31,10,2026,,,
⏱️ MotoGP [Grande Prémio da Malásia — Treino Livre 2]<br>Sepang International Circuit - Malásia,31,10,2026,,,
⏱️ MotoGP [Grande Prémio da Malásia — Qualificação Q1]<br>Sepang International Circuit - Malásia,31,10,2026,,,
⏱️ MotoGP [Grande Prémio da Malásia — Qualificação Q2]<br>Sepang International Circuit - Malásia,31,10,2026,,,
🏍️ MotoGP [Grande Prémio da Malásia — Sprint]<br>Sepang International Circuit - Malásia,31,10,2026,,,

⏱️ Formula 1 [Grande Prémio do México — Corrida]<br>Autódromo Hermanos Rodríguez - Cidade do México,1,11,2026,,,
⏱️ MotoGP [Grande Prémio da Malásia — Warm-up]<br>Sepang International Circuit - Malásia,1,11,2026,,,
🏍️ MotoGP [Grande Prémio da Malásia — Corrida]<br>Sepang International Circuit - Malásia,1,11,2026,,,
⏱️ Formula 1 [Grande Prémio de São Paulo — Treino Livre 1]<br>Autódromo José Carlos Pace - Interlagos, Brasil,6,11,2026,,,
⏱️ Formula 1 [Grande Prémio de São Paulo — Treino Livre 2]<br>Autódromo José Carlos Pace - Interlagos, Brasil,6,11,2026,,,
⏱️ MotoGP [Grande Prémio do Qatar — Treino Livre 1]<br>Lusail International Circuit - Qatar,6,11,2026,,,
⏱️ MotoGP [Grande Prémio do Qatar — Treino cronometrado]<br>Lusail International Circuit - Qatar,6,11,2026,,,
⏱️ Formula 1 [Grande Prémio de São Paulo — Treino Livre 3]<br>Autódromo José Carlos Pace - Interlagos, Brasil,7,11,2026,,,
⏱️ Formula 1 [Grande Prémio de São Paulo — Qualificação]<br>Autódromo José Carlos Pace - Interlagos, Brasil,7,11,2026,,,
⏱️ MotoGP [Grande Prémio do Qatar — Treino Livre 2]<br>Lusail International Circuit - Qatar,7,11,2026,,,
⏱️ MotoGP [Grande Prémio do Qatar — Qualificação Q1]<br>Lusail International Circuit - Qatar,7,11,2026,,,
⏱️ MotoGP [Grande Prémio do Qatar — Qualificação Q2]<br>Lusail International Circuit - Qatar,7,11,2026,,,
🏍️ MotoGP [Grande Prémio do Qatar — Sprint]<br>Lusail International Circuit - Qatar,7,11,2026,,,
🏎️ Formula 1 [Grande Prémio de São Paulo — Corrida]<br>Autódromo José Carlos Pace - Interlagos, Brasil,8,11,2026,,,
⏱️ MotoGP [Grande Prémio do Qatar — Warm-up]<br>Lusail International Circuit - Qatar,8,11,2026,,,
🏍️ MotoGP [Grande Prémio do Qatar — Corrida]<br>Lusail International Circuit - Qatar,8,11,2026,,,
⏱️ Formula 1 [Grande Prémio de Las Vegas — Treino Livre 1]<br>Las Vegas Strip Circuit - EUA,19,11,2026,,,
⏱️ Formula 1 [Grande Prémio de Las Vegas — Treino Livre 2]<br>Las Vegas Strip Circuit - EUA,19,11,2026,,,
⏱️ MotoGP [Grande Prémio de Portugal — Treino Livre 1]<br><b>Autódromo Internacional do Algarve - Portimão, Portugal</b>,20,11,2026,,,
⏱️ MotoGP [Grande Prémio de Portugal — Treino cronometrado]<br><b>Autódromo Internacional do Algarve - Portimão, Portugal</b>,20,11,2026,,,
⏱️ Formula 1 [Grande Prémio de Las Vegas — Treino Livre 3]<br>Las Vegas Strip Circuit - EUA,20,11,2026,,,
⏱️ Formula 1 [Grande Prémio de Las Vegas — Qualificação]<br>Las Vegas Strip Circuit - EUA,20,11,2026,,,
⏱️ MotoGP [Grande Prémio de Portugal — Treino Livre 2]<br><b>Autódromo Internacional do Algarve - Portimão, Portugal</b>,21,11,2026,,,
⏱️ MotoGP [Grande Prémio de Portugal — Qualificação Q1]<br><b>Autódromo Internacional do Algarve - Portimão, Portugal</b>,21,11,2026,,,
⏱️ MotoGP [Grande Prémio de Portugal — Qualificação Q2]<br><b>Autódromo Internacional do Algarve - Portimão, Portugal</b>,21,11,2026,,,
🏍️ MotoGP [Grande Prémio de Portugal — Sprint]<br><b>Autódromo Internacional do Algarve - Portimão, Portugal</b>,21,11,2026,,,
🏎️ Formula 1 [Grande Prémio de Las Vegas — Corrida]<br>Las Vegas Strip Circuit - EUA,21,11,2026,,,
⏱️ MotoGP [Grande Prémio de Portugal — Warm-up]<br><b>Autódromo Internacional do Algarve - Portimão, Portugal</b>,22,11,2026,,,
🏍️ MotoGP [Grande Prémio de Portugal — Corrida]<br><b>Autódromo Internacional do Algarve - Portimão, Portugal</b>,22,11,2026,,,
⏱️ Formula 1 [Grande Prémio do Qatar — Treino Livre 1]<br>Lusail International Circuit - Qatar,27,11,2026,,,
⏱️ Formula 1 [Grande Prémio do Qatar — Treino Livre 2]<br>Lusail International Circuit - Qatar,27,11,2026,,,
⏱️ MotoGP [Grande Prémio de Valência — Treino Livre 1]<br>Circuit Ricardo Tormo - Valência, Espanha,27,11,2026,,,
⏱️ MotoGP [Grande Prémio de Valência — Treino cronometrado]<br>Circuit Ricardo Tormo - Valência, Espanha,27,11,2026,,,
⏱️ Formula 1 [Grande Prémio do Qatar — Treino Livre 3]<br>Lusail International Circuit - Qatar,28,11,2026,,,
⏱️ Formula 1 [Grande Prémio do Qatar — Qualificação]<br>Lusail International Circuit - Qatar,28,11,2026,,,
⏱️ MotoGP [Grande Prémio de Valência — Treino Livre 2]<br>Circuit Ricardo Tormo - Valência, Espanha,28,11,2026,,,
⏱️ MotoGP [Grande Prémio de Valência — Qualificação Q1]<br>Circuit Ricardo Tormo - Valência, Espanha,28,11,2026,,,
⏱️ MotoGP [Grande Prémio de Valência — Qualificação Q2]<br>Circuit Ricardo Tormo - Valência, Espanha,28,11,2026,,,
🏍️ MotoGP [Grande Prémio de Valência — Sprint]<br>Circuit Ricardo Tormo - Valência, Espanha,28,11,2026,,,
🏎️ Formula 1 [Grande Prémio do Qatar — Corrida]<br>Lusail International Circuit - Qatar,29,11,2026,,,
⏱️ MotoGP [Grande Prémio de Valência — Warm-up]<br>Circuit Ricardo Tormo - Valência, Espanha,29,11,2026,,,
🏍️ MotoGP [Grande Prémio de Valência — Corrida]<br>Circuit Ricardo Tormo - Valência, Espanha,29,11,2026,,,

⏱️ Formula 1 [Grande Prémio de Abu Dhabi — Treino Livre 1]<br>Yas Marina Circuit - Emirados Árabes Unidos,4,12,2026,,,
⏱️ Formula 1 [Grande Prémio de Abu Dhabi — Treino Livre 2]<br>Yas Marina Circuit - Emirados Árabes Unidos,4,12,2026,,,
⏱️ Formula 1 [Grande Prémio de Abu Dhabi — Treino Livre 3]<br>Yas Marina Circuit - Emirados Árabes Unidos,5,12,2026,,,
⏱️ Formula 1 [Grande Prémio de Abu Dhabi — Qualificação]<br>Yas Marina Circuit - Emirados Árabes Unidos,5,12,2026,,,
🏎️ Formula 1 [Grande Prémio de Abu Dhabi — Corrida]<br>Yas Marina Circuit - Emirados Árabes Unidos,6,12,2026,,,
