competicao,nome_competicao,pergunta,opcao1,opcao2,opcao3,opcao4,resposta_correta
euro2020,Euro 2020,Quem era o treinador da seleção nacional de Portugal no Euro 2020?,Fernando Santos,Roberto Martínez,Paulo Bento,Jorge Jesus,Fernando Santos
euro2020,Euro 2020,Quem eliminou Portugal nos oitavos de final do Euro 2020?,Bélgica,França,Espanha,Croácia,Bélgica
euro2020,Euro 2020,Qual destas estrelas foi capitão de Portugal no Euro 2020?,Cristiano Ronaldo,Bruno Fernandes,Rúben Dias,Bernardo Silva,Cristiano Ronaldo
euro2020,Euro 2020,Quantas seleções participaram no Euro 2020?,24,16,32,20,24
euro2020,Euro 2020,Que seleção venceu o Euro 2020?,Itália,Inglaterra,Portugal,França,Itália
euro2020,Euro 2020,Portugal integrou que grupo no Euro 2020?,Grupo F,Grupo A,Grupo C,Grupo H,Grupo F
euro2020,Euro 2020,Contra que seleção Portugal venceu por 3-0 no Euro 2020?,Hungria,Alemanha,França,Bélgica,Hungria
euro2020,Euro 2020,Quem marcou dois golos por Portugal no jogo com a Hungria no Euro 2020?,Cristiano Ronaldo,Diogo Jota,Bruno Fernandes,Renato Sanches,Cristiano Ronaldo
euro2020,Euro 2020,Em que estádio se disputou a final do Euro 2020?,Wembley - Londres,Allianz Arena - Munique,Stadio Olimpico - Roma,Parc des Princes - Paris,Wembley - Londres
euro2020,Euro 2020,Que seleção perdeu a final do Euro 2020?,Inglaterra,Itália,Dinamarca,Espanha,Inglaterra
euro2020,Euro 2020,Como foi decidida a final do Euro 2020?,Grandes penalidades,Prolongamento,Golo de ouro,Repetição do jogo,Grandes penalidades
euro2020,Euro 2020,Quem foi eleito o melhor jogador do Euro 2020?,Gianluigi Donnarumma,Gianluigi Buffon,Harry Kane,Cristiano Ronaldo,Gianluigi Donnarumma
euro2020,Euro 2020,Que prémio individual ganhou Cristiano Ronaldo no Euro 2020?,Chuteira de ouro,Bola de ouro,Luva de ouro,Melhor jovem,Chuteira de ouro
euro2020,Euro 2020,Contra que seleção Portugal empatou 2-2 na fase de grupos do Euro 2020?,França,Alemanha,Hungria,Itália,França
euro2020,Euro 2020,Portugal foi campeão europeu em que edição anterior ao Euro 2020?,Euro 2016,Euro 2012,Euro 2004,Euro 2000,Euro 2016
nations2019,Liga das Nações 2019,Quem era o treinador da seleção nacional de Portugal na Liga das Nações 2019?,Fernando Santos,Roberto Martínez,Paulo Bento,Carlos Queiroz,Fernando Santos
nations2019,Liga das Nações 2019,Quem venceu a primeira Liga das Nações da UEFA?,Portugal,Holanda,França,Espanha,Portugal
nations2019,Liga das Nações 2019,Quem marcou o golo da vitória de Portugal na final da Liga das Nações 2019?,Gonçalo Guedes,Cristiano Ronaldo,Bernardo Silva,Bruno Fernandes,Gonçalo Guedes
nations2019,Liga das Nações 2019,Que seleção Portugal derrotou na final da Liga das Nações 2019?,Holanda,Suíça,Inglaterra,Croácia,Holanda
nations2019,Liga das Nações 2019,Em que país decorreu a fase final da Liga das Nações 2019?,Portugal,França,Holanda,Alemanha,Portugal
nations2019,Liga das Nações 2019,Quem marcou um hat-trick por Portugal frente à Suíça na meia-final da Liga das Nações 2019?,Cristiano Ronaldo,João Félix,Gonçalo Guedes,Bernardo Silva,Cristiano Ronaldo
nations2019,Liga das Nações 2019,Em que cidade se jogou a final da Liga das Nações 2019?,Porto,Lisboa,Braga,Guimarães,Porto
nations2019,Liga das Nações 2019,Que organismo organiza a Liga das Nações?,UEFA,FIFA,FPF,IFAB,UEFA
nations2019,Liga das Nações 2019,Portugal venceu a Suíça na meia-final por que resultado?,3-0,1-0,2-1,3-1,3-0
nations2019,Liga das Nações 2019,Em que estádio se jogou a final da Liga das Nações 2019?,Estádio do Dragão,Estádio da Luz,Estádio Algarve,Estádio Municipal de Braga,Estádio do Dragão
nations2019,Liga das Nações 2019,Que jogador português foi eleito o melhor da final da Liga das Nações 2019?,Bernardo Silva,Cristiano Ronaldo,Gonçalo Guedes,Rui Patrício,Bernardo Silva
mundial2022,Mundial 2022,Quem era o treinador da seleção nacional de Portugal no Mundial 2022?,Fernando Santos,Roberto Martínez,Paulo Sousa,José Mourinho,Fernando Santos
mundial2022,Mundial 2022,Quem eliminou Portugal nos quartos de final do Mundial 2022?,Marrocos,França,Argentina,Croácia,Marrocos
mundial2022,Mundial 2022,Em que país decorreu o Mundial 2022?,Qatar,Rússia,EUA,Brasil,Qatar
mundial2022,Mundial 2022,Quem marcou um hat-trick por Portugal frente à Suíça no Mundial 2022?,Gonçalo Ramos,Cristiano Ronaldo,Bruno Fernandes,João Félix,Gonçalo Ramos
mundial2022,Mundial 2022,Em que fase terminou Portugal o Mundial 2022?,Quartos de final,Meias-finais,Final,Oitavos de final,Quartos de final
mundial2022,Mundial 2022,Que seleção defrontou Portugal nos oitavos de final do Mundial 2022?,Suíça,Uruguai,Coreia do Sul,Marrocos,Suíça
mundial2022,Mundial 2022,Que jogador português marcou de penálti frente ao Gana no Mundial 2022?,Cristiano Ronaldo,Bruno Fernandes,Bernardo Silva,João Félix,Cristiano Ronaldo
mundial2022,Mundial 2022,Que seleção venceu o Mundial 2022?,Argentina,França,Marrocos,Brasil,Argentina
mundial2022,Mundial 2022,Portugal venceu a Suíça nos oitavos de final por que resultado?,6-1,3-0,2-0,5-1,6-1
mundial2022,Mundial 2022,Quem marcou três golos na final do Mundial 2022?,Kylian Mbappé,Lionel Messi,Ángel Di María,Olivier Giroud,Kylian Mbappé
mundial2022,Mundial 2022,Em que estádio se disputou a final do Mundial 2022?,Lusail,Khalifa International,Ahmad bin Ali,Education City,Lusail
mundial2022,Mundial 2022,Quem foi eleito o melhor jogador do Mundial 2022?,Lionel Messi,Kylian Mbappé,Christian Eriksen,Enzo Fernández,Lionel Messi
mundial2022,Mundial 2022,Que seleção surpresa chegou às meias-finais do Mundial 2022?,Marrocos,Japão,Coreia do Sul,Camarões,Marrocos
mundial2022,Mundial 2022,Portugal integrou que grupo no Mundial 2022?,Grupo H,Grupo A,Grupo G,Grupo D,Grupo H
euro2024,Euro 2024,Quem era o treinador da seleção nacional de Portugal no Euro 2024?,Roberto Martínez,Fernando Santos,Paulo Bento,Jorge Jesus,Roberto Martínez
euro2024,Euro 2024,Em que país decorreu o Euro 2024?,Alemanha,França,Itália,Espanha,Alemanha
euro2024,Euro 2024,Quem eliminou Portugal nos quartos de final do Euro 2024?,França,Espanha,Alemanha,Bélgica,França
euro2024,Euro 2024,Em que fase terminou Portugal o Euro 2024?,Quartos de final,Meias-finais,Final,Oitavos de final,Quartos de final
euro2024,Euro 2024,Quem era o capitão de Portugal no Euro 2024?,Cristiano Ronaldo,Bruno Fernandes,Rúben Dias,Bernardo Silva,Cristiano Ronaldo
euro2024,Euro 2024,Que seleção venceu o Euro 2024?,Espanha,Inglaterra,França,Portugal,Espanha
euro2024,Euro 2024,Que seleção perdeu a final do Euro 2024?,Inglaterra,Espanha,Holanda,França,Inglaterra
euro2024,Euro 2024,Quantas seleções participaram no Euro 2024?,24,16,32,20,24
euro2024,Euro 2024,Como foi eliminado Portugal frente à França no Euro 2024?,Grandes penalidades,Golo de ouro,Sorteio,Prolongamento,Grandes penalidades
euro2024,Euro 2024,Portugal venceu todos os jogos da fase de grupos do Euro 2024?,Sim,Não,Só dois,Só um,Sim
euro2024,Euro 2024,Em que estádio se disputou a final do Euro 2024?,Olympiastadion - Berlim,Allianz Arena - Munique,Signal Iduna Park - Dortmund,Wembley - Londres,Olympiastadion - Berlim
euro2024,Euro 2024,Quem foi eleito o melhor jogador do Euro 2024?,Rodri,Lamine Yamal,Harry Kane,Nico Williams,Rodri
euro2024,Euro 2024,Que jovem espanhol brilhou no Euro 2024 com apenas 16 anos?,Lamine Yamal,Pedri,Gavi,Ansu Fati,Lamine Yamal
euro2024,Euro 2024,Contra que seleção Portugal jogou os oitavos de final do Euro 2024?,Eslovênia,Geórgia,República Checa,Bélgica,Eslovênia
nations2025,Liga das Nações 2025,Quem era o selecionador de Portugal?,Roberto Martínez,Fernando Santos,Paulo Bento,Sérgio Conceição,Roberto Martínez
nations2025,Liga das Nações 2025,Portugal conquistou a Liga das Nações 2025?,Sim,Não,Só chegou à meia-final,Não participou,Sim
nations2025,Liga das Nações 2025,Que seleção Portugal defrontou na final?,Espanha,França,Alemanha,Croácia,Espanha
nations2025,Liga das Nações 2025,Como foi decidida a final?,Grandes penalidades,Prolongamento com golo de ouro,Jogo repetido,Sorteio,Grandes penalidades
nations2025,Liga das Nações 2025,Cristiano Ronaldo marcou na final?,Sim,Não,Só no desempate,Não jogou,Sim
nations2025,Liga das Nações 2025,Em que país decorreu a fase final?,Alemanha,Portugal,França,Espanha,Alemanha
nations2025,Liga das Nações 2025,Que resultado registou o tempo normal da final?,2-2,1-1,0-0,2-1,2-2
nations2025,Liga das Nações 2025,Em que estádio se jogou a final da Liga das Nações 2025?,Allianz Arena - Munique,Signal Iduna Park - Dortmund,Olympiastadion - Berlim,Volksparkstadion - Hamburgo,Allianz Arena - Munique
nations2025,Liga das Nações 2025,Que troféu Portugal conquistou pela segunda vez em 2025?,Liga das Nações,Euro,Copa dos Campeões Europeus,Mundial,Liga das Nações
nations2025,Liga das Nações 2025,Portugal é a seleção com mais títulos da Liga das Nações?,Sim,Não,Empatada com Espanha,Só com a França,Sim
nations2025,Liga das Nações 2025,Que seleção Portugal eliminou na meia-final?,Alemanha,França,Itália,Holanda,Alemanha
mundial2026,Mundial 2026,Quantas seleções participarão no Mundial 2026?,48,32,24,64,48
mundial2026,Mundial 2026,Quais países organizam o Mundial 2026?,"EUA, Canadá e México","Portugal, Espanha e Marrocos","Brasil, Argentina e Uruguai","Qatar, Arábia Saudita e EAU","EUA, Canadá e México"
mundial2026,Mundial 2026,O Mundial 2026 terá um formato de 48 seleções?,Sim,Não,Só na qualificação,Ainda não se sabe,Sim
mundial2026,Mundial 2026,Quem era o treinador de Portugal no ciclo recente para o Mundial 2026?,Roberto Martínez,Fernando Santos,Paulo Bento,Nuno Espírito Santo,Roberto Martínez
mundial2026,Mundial 2026,Portugal tinha entrada automática no Mundial 2026 por ser anfitrião?,Não,Sim,Só para o play-off,Só para a fase de grupos,Não
mundial2026,Mundial 2026,Em que mês começa o Mundial 2026?,Junho,Maio,Julho,Agosto,Junho
mundial2026,Mundial 2026,Quantos jogos estão previstos para o Mundial 2026?,104,80,64,120,104
mundial2026,Mundial 2026,Em que estádio está prevista a final do Mundial 2026?,MetLife Stadium - Nova Jérsia,Azteca - Cidade do México,SoFi Stadium - Los Angeles,BC Place - Vancouver,MetLife Stadium - Nova Jérsia
mundial2026,Mundial 2026,Em que cidade se joga a partida inaugural do Mundial 2026?,Cidade do México,Nova Iorque,Toronto,Los Angeles,Cidade do México
mundial2026,Mundial 2026,Que entidade organiza o Mundial 2026?,FIFA,UEFA,CONMEBOL,FPF,FIFA
mundial2026,Mundial 2026,Qual destes países não é anfitrião do Mundial 2026?,Brasil,México,Canadá,EUA,Brasil
euro2028,Euro 2028,Quem vai organizar o Euro 2028?,Reino Unido e Irlanda,Alemanha,Portugal e Espanha,França,Reino Unido e Irlanda
euro2028,Euro 2028,Que entidade atribuiu a organização do Euro 2028?,UEFA,FIFA,IFAB,FPF,UEFA
euro2028,Euro 2028,Quem era o treinador de Portugal no ciclo recente apontado para o Euro 2028?,Roberto Martínez,Fernando Santos,Paulo Bento,José Mourinho,Roberto Martínez
euro2028,Euro 2028,Portugal é anfitrião do Euro 2028?,Não,Sim,Só da final,Só da abertura,Não
euro2028,Euro 2028,O Euro 2028 pertence a que confederação?,UEFA,FIFA,AFC,CAF,UEFA
euro2028,Euro 2028,Quantas seleções costumam disputar o Europeu no formato atual?,24,16,32,48,24
euro2028,Euro 2028,O Euro 2028 acontece antes ou depois do Mundial 2026?,Depois,Antes,No mesmo ano,No mesmo mês,Depois
euro2028,Euro 2028,O Reino Unido e a Irlanda foram escolhidos oficialmente para acolher o Euro 2028?,Sim,Não,Só parcialmente,Ainda não,Sim
euro2028,Euro 2028,Que seleção tem mais títulos do Campeonato da Europa?,Espanha,Alemanha,França,Itália,Espanha
euro2028,Euro 2028,Em que ano decorrerá o Euro 2028?,2028,2027,2029,2030,2028
euro2028,Euro 2028,Portugal conquistou o seu primeiro título europeu em que ano?,2016,2004,2000,2012,2016
mundial2030,Mundial 2030,Portugal é um dos anfitriões do Mundial 2030?,Sim,Não,Só do jogo inaugural,Só da final,Sim
mundial2030,Mundial 2030,Que outro país ibérico vai coorganizar o Mundial 2030 com Portugal?,Espanha,França,Itália,Alemanha,Espanha
mundial2030,Mundial 2030,Quem atribuiu a organização do Mundial 2030?,FIFA,UEFA,CONMEBOL,FPF,FIFA
mundial2030,Mundial 2030,O Mundial 2030 será organizado por Portugal sozinho?,Não,Sim,Só na Europa,Só na fase final,Não
mundial2030,Mundial 2030,Em que ano decorrerá o Mundial 2030?,2030,2029,2032,2028,2030
mundial2030,Mundial 2030,Portugal será anfitrião do Mundial 2030 em conjunto com Espanha e Marrocos?,Sim,Não,Só Espanha,Só Marrocos,Sim
mundial2030,Mundial 2030,Que competição mundial de seleções será organizada em Portugal em 2030?,Mundial 2030,Euro 2030,Liga das Nações 2030,Mundial de Clubes 2030,Mundial 2030
mundial2030,Mundial 2030,O Mundial 2030 decorre depois do Euro 2028?,Sim,Não,No mesmo ano,No ano anterior,Sim
mundial2030,Mundial 2030,Qual será o país africano anfitrião do Mundial 2030?,Marrocos,Egito,Tunísia,Nigéria,Marrocos
mundial2030,Mundial 2030,O Mundial 2030 marca 100 anos de que competição?,Campeonato do Mundo de Futebol,Jogos Olímpicos,Liga dos Campeões,Euro,Campeonato do Mundo de Futebol
mundial2030,Mundial 2030,Que países sul-americanos receberão jogos do centenário do Mundial em 2030?,"Uruguai, Argentina e Paraguai","Brasil e Argentina","Chile e Uruguai","Colômbia e Peru","Uruguai, Argentina e Paraguai"
mundial2030,Mundial 2030,Será a primeira vez que Portugal organiza jogos de um Mundial de seleções?,Sim,Não,Só coorganizou antes,Só a fase final,Sim
